,cd_sph(mean),p2f(mean)
P2PBridge_steps_20,0.002103556307,0.001262233004
