,cd_sph(mean),p2f(mean)
P2PBridge_steps_20_ema,0.000610241847,0.001325006035
