,cd_sph(mean),p2f(mean)
P2PBridge_steps_20,0.000122851639,0.001229923164
